spt,b_v,g_v,bp_rp
O5V,-0.3708,-0.0811,-0.5427
O9V,-0.3218,-0.0578,-0.5164
B0V,-0.3323,-0.0663,-0.4721
B1V,-0.2338,-0.0434,-0.3474
B3V,-0.1903,-0.0361,-0.2422
B5-7V,-0.1284,-0.0292,-0.1320
B8V,-0.0973,-0.0292,-0.0689
A0V,0.0266,-0.0070,0.0468
A2V,0.0408,-0.0144,0.0876
A3V,0.1014,-0.0146,0.1533
A5V,0.1657,-0.0155,0.2359
F0V,0.3167,-0.0674,0.4578
F2V,0.4094,-0.0840,0.5674
F5V,0.4723,-0.0914,0.6152
F8V,0.5574,-0.1313,0.7484
G0V,0.5869,-0.1477,0.7949
G2V,0.6502,-0.1643,0.8582
G5V,0.7033,-0.1658,0.8920
G8V,0.7698,-0.1984,0.9669
K0V,0.7893,-0.2275,1.0235
K2V,0.9436,-0.2691,1.1411
K5V,1.2298,-0.4737,1.4978
K7V,1.3937,-0.5882,1.7169
M0V,1.3458,-0.6697,1.8345
M2V,1.4611,-0.8587,2.1318
M4V,1.6176,-1.4075,2.9025
M5V,1.6877,-1.6971,3.2372
